Region_Type,Region_Name,Region_Name_Code,URL
Districts,IDN.11.349,"Aceh Barat Daya, Kab.",
Districts,IDN.11.1,"Aceh Barat, Kab.",
Districts,IDN.11.2,"Aceh Besar, Kab.",
Districts,IDN.11.353,"Aceh Jaya, Kab.",
Districts,IDN.11.8,"Aceh Pidie, Kab.",
Districts,IDN.11.3,"Aceh Selatan, Kab.",
Districts,IDN.11.294,"Aceh Singkil, Kab.",
Districts,IDN.11.351,"Aceh Tamiang, Kab.",
Districts,IDN.11.4,"Aceh Tengah, Kab.",
Districts,IDN.11.5,"Aceh Tenggara, Kab.",
Districts,IDN.11.6,"Aceh Timur, Kab.",
Districts,IDN.11.7,"Aceh Utara, Kab.",
Districts,IDN.31.991,"Adm. Kepulauan Seribu, Kab.",
Districts,IDN.13.28,"Agam, Kab.",
Districts,IDN.53.254,"Alor, Kab.",
Cities,IDN.81.269,"Ambon, Kota",
Districts,IDN.12.11,"Asahan, Kab.",
Districts,IDN.94.380,"Asmat, Kab.",
Districts,IDN.51.238,"Badung, Kab.",
Districts,IDN.63.392,"Balangan, Kab.",
Provinces,IDN.51,"Bali, Prop.",http://dbpedia.org/resource/Bali
Cities,IDN.64.197,"Balikpapan, Kota",
Cities,IDN.11.9,"Banda Aceh, Kota",
Cities,IDN.18.71,"Bandar Lampung, Kota",
Districts,IDN.32.446,"Bandung Barat, Kab.",
Districts,IDN.32.72,"Bandung, Kab.",
Cities,IDN.32.88,"Bandung, Kota",
Districts,IDN.72.326,"Banggai Kepulauan, Kab.",
Districts,IDN.72.205,"Banggai, Kab.",
Districts,IDN.19.407,"Bangka Barat, Kab.",
Districts,IDN.19.408,"Bangka Selatan, Kab.",
Districts,IDN.19.405,"Bangka Tengah, Kab.",
Districts,IDN.19.288,"Bangka, Kab.",
Districts,IDN.35.133,"Bangkalan, Kab.",
Districts,IDN.51.239,"Bangli, Kab.",
Cities,IDN.63.320,"Banjar Baru, Kota",
Districts,IDN.63.183,"Banjar, Kab.",
Cities,IDN.32.371,"Banjar, Kota",
Cities,IDN.63.192,"Banjarmasin, Kota",
Districts,IDN.33.93,"Banjarnegara, Kab.",
Districts,IDN.73.210,"Bantaeng, Kab.",
Provinces,IDN.36,"Banten, Prop.",http://dbpedia.org/resource/Banten
Districts,IDN.34.128,"Bantul, Kab.",
Districts,IDN.16.355,"Banyuasin, Kab.",
Districts,IDN.33.94,"Banyumas, Kab.",
Districts,IDN.35.134,"Banyuwangi, Kab.",
Districts,IDN.63.184,"Barito Kuala, Kab.",
Districts,IDN.62.177,"Barito Selatan, Kab.",
Districts,IDN.62.362,"Barito Timur, Kab.",
Districts,IDN.62.178,"Barito Utara, Kab.",
Districts,IDN.73.211,"Barru, Kab.",
Cities,IDN.21.306,"Batam, Kota",
Districts,IDN.33.95,"Batang, Kab.",
Districts,IDN.15.49,"Batanghari, Kab.",
Districts,IDN.12.439,"Batu Bara, Kab.",
Cities,IDN.35.346,"Batu, Kota",
Cities,IDN.74.348,"Bau-bau, Kota",
Districts,IDN.32.73,"Bekasi, Kab.",
Cities,IDN.32.89,"Bekasi, Kota",
Districts,IDN.19.406,"Belitung Timur, Kab.",
Districts,IDN.19.289,"Belitung, Kab.",
Districts,IDN.53.255,"Belu, Kab.",
Districts,IDN.11.411,"Bener Meriah, Kab.",
Districts,IDN.14.42,"Bengkalis, Kab.",
Districts,IDN.61.318,"Bengkayang, Kab.",
Districts,IDN.17.61,"Bengkulu Selatan, Kab.",
Districts,IDN.17.468,"Bengkulu Tengah, Kab.",
Districts,IDN.17.62,"Bengkulu Utara, Kab.",
Cities,IDN.17.64,"Bengkulu, Kota",
Provinces,IDN.17,"Bengkulu, Prop.",http://dbpedia.org/resource/Bengkulu
Districts,IDN.64.193,"Berau, Kab.",
Districts,IDN.94.270,"Biak Numfor, Kab.",
Districts,IDN.52.247,"Bima, Kab.",
Cities,IDN.52.369,"Bima, Kota",
Cities,IDN.12.22,"Binjai, Kota",
Districts,IDN.21.46,"Bintan, Kab.",
Districts,IDN.11.295,"Bireuen, Kab.",
Cities,IDN.71.203,"Bitung, Kota",
Districts,IDN.35.135,"Blitar, Kab.",
Cities,IDN.35.162,"Blitar, Kota",
Districts,IDN.33.96,"Blora, Kab.",
Districts,IDN.75.330,"Boalemo, Kab.",
Districts,IDN.32.74,"Bogor, Kab.",
Cities,IDN.32.90,"Bogor, Kota",
Districts,IDN.35.136,"Bojonegoro, Kab.",
Districts,IDN.71.474,"Bolaang Mongondow Selatan, Kab.",
Districts,IDN.71.473,"Bolaang Mongondow Timur, Kab.",
Districts,IDN.71.444,"Bolaang Mongondow Utara, Kab.",
Districts,IDN.71.200,"Bolaang Mongondow, Kab.",
Districts,IDN.74.427,"Bombana, Kab.",
Districts,IDN.35.137,"Bondowoso, Kab.",
Districts,IDN.75.409,"Bone Bolango, Kab.",
Districts,IDN.73.212,"Bone, Kab.",
Cities,IDN.64.325,"Bontang, Kota",
Districts,IDN.94.381,"Boven Digoel, Kab",
Districts,IDN.33.97,"Boyolali, Kab.",
Districts,IDN.33.98,"Brebes, Kab.",
Cities,IDN.13.36,"Bukittinggi, Kota",
Districts,IDN.51.240,"Buleleng, Kab.",
Districts,IDN.73.213,"Bulukumba, Kab.",
Districts,IDN.64.194,"Bulungan, Kab.",
Districts,IDN.15.48,"Bungo, Kab.",
Districts,IDN.72.328,"Buol, Kab.",
Districts,IDN.81.476,"Buru Selatan, Kab.",
Districts,IDN.81.332,"Buru, Kab.",
Districts,IDN.74.448,"Buton Utara, Kab.",
Districts,IDN.74.233,"Buton, Kab.",
Districts,IDN.32.75,"Ciamis, Kab.",
Districts,IDN.32.76,"Cianjur, Kab",
Districts,IDN.33.99,"Cilacap, Kab.",
Cities,IDN.36.316,"Cilegon, Kota",
Cities,IDN.32.345,"Cimahi, Kota",
Districts,IDN.32.77,"Cirebon, Kab.",
Cities,IDN.32.91,"Cirebon, Kota",
Provinces,IDN.34,"D I Yogyakarta, Prop.",http://dbpedia.org/resource/Special_Region_of_Yogyakarta
Districts,IDN.12.12,"Dairi, Kab.",
Districts,IDN.94.488,"Deiyai, Kab.",
Districts,IDN.12.13,"Deli Serdang, Kab.",
Districts,IDN.33.100,"Demak, Kab.",
Cities,IDN.51.246,"Denpasar, Kota",
Cities,IDN.32.315,"Depok, Kota",
Districts,IDN.13.415,"Dharmas Raya, Kab.",
Provinces,IDN.31,"DKI Jakarta, Prop.",http://dbpedia.org/resource/Jakarta
Districts,IDN.94.465,"Dogiyai, Kab.",
Districts,IDN.52.248,"Dompu, Kab.",
Districts,IDN.72.206,"Donggala, Kab.",
Cities,IDN.14.307,"Dumai, Kota",
Districts,IDN.16.435,"Empat Lawang, Kab.",
Districts,IDN.53.256,"Ende, Kab.",
Districts,IDN.73.214,"Enrekang, Kab.",
Districts,IDN.91.271,"Fak-Fak, Kab.",
Districts,IDN.53.257,"Flores Timur, Kab.",
Districts,IDN.32.78,"Garut, Kab.",
Districts,IDN.11.350,"Gayo Lues, Kab.",
Districts,IDN.51.241,"Gianyar, Kab.",
Districts,IDN.75.445,"Gorontalo Utara, Kab.",
Districts,IDN.75.291,"Gorontalo, Kab.",
Cities,IDN.75.292,"Gorontalo, Kota",
Provinces,IDN.75,"Gorontalo, Prop.",http://dbpedia.org/resource/Gorontalo_(province)
Districts,IDN.73.215,"Gowa, Kab.",
Districts,IDN.35.138,"Gresik, Kab.",
Districts,IDN.33.101,"Grobogan, Kab.",
Districts,IDN.34.129,"Gunung Kidul, Kab.",
Districts,IDN.62.361,"Gunung Mas, Kab.",
Cities,IDN.12.480,"Gunung Sitoli, Kota",
Districts,IDN.82.281,"Halmahera Barat, Kab.",
Districts,IDN.82.403,"Halmahera Selatan, Kab.",
Districts,IDN.82.282,"Halmahera Tengah, Kab.",
Districts,IDN.82.404,"Halmahera Timur, Kab.",
Districts,IDN.82.402,"Halmahera Utara, Kab.",
Districts,IDN.63.185,"Hulu Sungai Selatan, Kab.",
Districts,IDN.63.186,"Hulu Sungai Tengah, Kab.",
Districts,IDN.63.187,"Hulu Sungai Utara, Kab.",
Districts,IDN.12.388,"Humbang Hasundutan, Kab.",
Districts,IDN.14.43,"Indragiri Hilir, Kab.",
Districts,IDN.14.44,"Indragiri Hulu, Kab.",
Districts,IDN.32.79,"Indramayu, Kab.",
Districts,IDN.94.487,"Intan Jaya, Kab.",
Cities,IDN.31.995,"Jakarta Barat, Kota",
Cities,IDN.31.994,"Jakarta Pusat, Kota",
Cities,IDN.31.992,"Jakarta Selatan, Kota",
Cities,IDN.31.993,"Jakarta Timur, Kota",
Cities,IDN.31.996,"Jakarta Utara, Kota",
Cities,IDN.15.53,"Jambi, Kota",
Provinces,IDN.15,"Jambi, Prop.",http://dbpedia.org/resource/Jambi
Provinces,IDN.32,"Jawa Barat, Prop.",http://dbpedia.org/resource/West_Java
Provinces,IDN.33,"Jawa Tengah, Prop.",http://dbpedia.org/resource/Central_Java
Provinces,IDN.35,"Jawa Timur, Prop.",http://dbpedia.org/resource/East_Java
Districts,IDN.94.272,"Jayapura, Kab.",
Cities,IDN.94.279,"Jayapura, Kota",
Districts,IDN.94.273,"Jayawijaya, Kab.",
Districts,IDN.35.139,"Jember, Kab.",
Districts,IDN.51.242,"Jembrana, Kab.",
Districts,IDN.73.216,"Jeneponto, Kab.",
Districts,IDN.33.102,"Jepara, Kab.",
Districts,IDN.35.140,"Jombang, Kab.",
Districts,IDN.91.372,"Kaimana, Kab.",
Provinces,IDN.61,"Kalimantan Barat, Prop.",http://dbpedia.org/resource/West_Kalimantan
Provinces,IDN.63,"Kalimantan Selatan, Prop.",http://dbpedia.org/resource/South_Kalimantan
Provinces,IDN.62,"Kalimantan Tengah, Prop.",http://dbpedia.org/resource/Central_Kalimantan
Provinces,IDN.64,"Kalimantan Timur, Prop.",http://dbpedia.org/resource/East_Kalimantan
Districts,IDN.14.45,"Kampar, Kab.",
Districts,IDN.61.170,"Kapuas Hulu, Kab.",
Districts,IDN.62.179,"Kapuas, Kab.",
Districts,IDN.51.243,"Karang Asem, Kab.",
Districts,IDN.33.103,"Karanganyar, Kab.",
Districts,IDN.32.80,"Karawang, Kab.",
Districts,IDN.21.304,"Karimun, Kab.",
Districts,IDN.62.359,"Katingan, Kab.",
Districts,IDN.17.390,"Kaur, Kab.",
Districts,IDN.61.440,"Kayong Utara, Kab.",
Districts,IDN.33.104,"Kebumen, Kab.",
Districts,IDN.35.141,"Kediri, Kab.",
Cities,IDN.35.163,"Kediri, Kota",
Districts,IDN.94.374,"Keerom, Kab.",
Districts,IDN.33.105,"Kendal, Kab.",
Cities,IDN.74.237,"Kendari, Kota",
Districts,IDN.71.449,"Kep. Siau Tagulandang Biaro (Sitaro), Kab.",
Districts,IDN.17.422,"Kepahiang, Kab.",
Districts,IDN.21.477,"Kepulauan Anambas, Kab.",
Districts,IDN.81.431,"Kepulauan Aru, Kab.",
Provinces,IDN.19,"Kepulauan Bangka Belitung, Prop.",http://dbpedia.org/resource/Bangka-Belitung_Islands
Districts,IDN.13.298,"Kepulauan Mentawai, Kab.",
Districts,IDN.14.490,"Kepulauan Meranti, Kab.",
Provinces,IDN.21,"Kepulauan Riau, Prop.",
Districts,IDN.71.202,"Kepulauan Sangihe, Kab.",
Districts,IDN.82.400,"Kepulauan Sula, Kab.",
Districts,IDN.71.365,"Kepulauan Talaud, Kab.",
Districts,IDN.15.50,"Kerinci, Kab.",
Districts,IDN.61.171,"Ketapang, Kab.",
Districts,IDN.33.106,"Klaten, Kab.",
Districts,IDN.51.244,"Klungkung, Kab.",
Districts,IDN.74.429,"Kolaka Utara, Kab.",
Districts,IDN.74.235,"Kolaka, Kab.",
Districts,IDN.74.398,"Konawe Selatan, Kab.",
Districts,IDN.74.447,"Konawe Utara, Kab.",
Districts,IDN.74.234,"Konawe, Kab.",
Districts,IDN.63.188,"Kota Baru, Kab.",
Cities,IDN.71.438,"Kotamobagu, Kota",
Districts,IDN.62.180,"Kotawaringin Barat, Kab.",
Districts,IDN.62.181,"Kotawaringin Timur, Kab.",
Districts,IDN.14.299,"Kuantan Singingi, Kab.",
Districts,IDN.61.456,"Kubu Raya, Kab.",
Districts,IDN.33.107,"Kudus, Kab.",
Districts,IDN.34.130,"Kulon Progo, Kab.",
Districts,IDN.32.81,"Kuningan, Kab.",
Districts,IDN.53.258,"Kupang, Kab.",
Cities,IDN.53.266,"Kupang, Kota",
Districts,IDN.64.321,"Kutai Barat, Kab.",
Districts,IDN.64.195,"Kutai Kartanegara, Kab.",
Districts,IDN.64.322,"Kutai Timur, Kab.",
Districts,IDN.12.466,"Labuhan Batu Selatan, Kab.",
Districts,IDN.12.467,"Labuhan Batu Utara, Kab.",
Districts,IDN.12.14,"Labuhan Batu, Kab.",
Districts,IDN.16.54,"Lahat, Kab.",
Districts,IDN.62.357,"Lamandau, Kab.",
Districts,IDN.35.142,"Lamongan, Kab.",
Districts,IDN.18.68,"Lampung Barat, Kab.",
Districts,IDN.18.65,"Lampung Selatan, Kab.",
Districts,IDN.18.66,"Lampung Tengah, Kab.",
Districts,IDN.18.312,"Lampung Timur, Kab.",
Districts,IDN.18.67,"Lampung Utara, Kab.",
Provinces,IDN.18,"Lampung, Prop.",http://dbpedia.org/resource/Lampung
Districts,IDN.61.319,"Landak, Kab.",
Districts,IDN.12.15,"Langkat, Kab.",
Cities,IDN.11.337,"Langsa, Kota",
Districts,IDN.94.462,"Lanny Jaya, Kab.",
Districts,IDN.36.283,"Lebak, Kab.",
Districts,IDN.17.421,"Lebong, Kab.",
Districts,IDN.53.317,"Lembata, Kab.",
Cities,IDN.11.338,"Lhokseumawe, Kota",
Districts,IDN.13.29,"Limapuluh Kota, Kab.",
Districts,IDN.21.417,"Lingga, Kab.",
Districts,IDN.52.249,"Lombok Barat, Kab.",
Districts,IDN.52.250,"Lombok Tengah, Kab.",
Districts,IDN.52.251,"Lombok Timur, Kab.",
Districts,IDN.52.470,"Lombok Utara, Kab.",
Cities,IDN.16.343,"Lubuk Linggau, Kota",
Districts,IDN.35.143,"Lumajang, Kab.",
Districts,IDN.73.396,"Luwu Timur, Kab.",
Districts,IDN.73.329,"Luwu Utara, Kab.",
Districts,IDN.73.217,"Luwu, Kab.",
Districts,IDN.35.144,"Madiun, Kab.",
Cities,IDN.35.164,"Madiun, Kota",
Districts,IDN.33.108,"Magelang, Kab.",
Cities,IDN.33.122,"Magelang, Kota",
Districts,IDN.35.145,"Magetan, Kab.",
Districts,IDN.32.82,"Majalengka, Kab.",
Districts,IDN.76.218,"Majene, Kab.",
Cities,IDN.73.232,"Makassar, Kota",
Districts,IDN.35.146,"Malang, Kab.",
Cities,IDN.35.165,"Malang, Kota",
Districts,IDN.64.323,"Malinau, Kab.",
Districts,IDN.81.475,"Maluku Barat Daya, Kab.",
Districts,IDN.81.267,"Maluku Tengah, Kab.",
Districts,IDN.81.331,"Maluku Tenggara Barat, Kab.",
Districts,IDN.81.268,"Maluku Tenggara, Kab.",
Provinces,IDN.82,"Maluku Utara, Prop.",http://dbpedia.org/resource/North_Maluku
Provinces,IDN.81,"Maluku, Prop.",http://dbpedia.org/resource/Maluku_(province)
Districts,IDN.76.367,"Mamasa, Kab.",
Districts,IDN.94.451,"Mamberamo Raya, Kab.",
Districts,IDN.94.460,"Mamberamo Tengah, Kab.",
Districts,IDN.76.397,"Mamuju Utara, Kab.",
Cities,IDN.76.219,"Mamuju, Kota",
Cities,IDN.71.204,"Manado, Kota",
Districts,IDN.12.296,"Mandailing Natal, Kab.",
Districts,IDN.53.399,"Manggarai Barat, Kab.",
Districts,IDN.53.457,"Manggarai Timur, Kab.",
Districts,IDN.53.259,"Manggarai, Kab.",
Districts,IDN.91.274,"Manokwari, Kab.",
Districts,IDN.94.382,"Mappi, Kab.",
Districts,IDN.73.220,"Maros, Kab.",
Cities,IDN.52.253,"Mataram, Kota",
Districts,IDN.91.491,"Maybrat, Kab.",
Cities,IDN.12.23,"Medan, Kota",
Districts,IDN.61.424,"Melawi, Kab.",
Districts,IDN.15.51,"Merangin, Kab.",
Districts,IDN.94.275,"Merauke, Kab.",
Districts,IDN.18.482,"Mesuji, Kab.",
Cities,IDN.18.314,"Metro, Kota",
Districts,IDN.94.335,"Mimika, Kab.",
Districts,IDN.71.395,"Minahasa Selatan, Kab.",
Districts,IDN.71.443,"Minahasa Tenggara (Mitra), Kab.",
Districts,IDN.71.425,"Minahasa Utara, Kab.",
Districts,IDN.71.201,"Minahasa, Kab.",
Districts,IDN.35.147,"Mojokerto, Kab.",
Cities,IDN.35.166,"Mojokerto, Kota",
Districts,IDN.82.486,"Morotai, Kab.",
Districts,IDN.72.327,"Morowali, Kab.",
Districts,IDN.16.55,"Muara Enim, Kab.",
Districts,IDN.15.309,"Muaro Jambi, Kab.",
Districts,IDN.17.391,"Mukomuko, Kab.",
Districts,IDN.74.236,"Muna, Kab.",
Districts,IDN.62.363,"Murung Raya, Kab.",
Districts,IDN.16.56,"Musi Banyuasin, Kab.",
Districts,IDN.16.57,"Musi Rawas, Kab.",
Districts,IDN.94.276,"Nabire, Kab.",
Districts,IDN.11.352,"Nagan Raya, Kab.",
Districts,IDN.53.436,"Nagekeo, Kab.",
Provinces,IDN.11,"Nanggroe Aceh Darussalam, Prop.",http://dbpedia.org/resource/Aceh
Districts,IDN.21.305,"Natuna, Kab.",
Districts,IDN.94.463,"Nduga, Kab.",
Districts,IDN.53.260,"Ngada, Kab.",
Districts,IDN.35.148,"Nganjuk, Kab.",
Districts,IDN.35.149,"Ngawi, Kab.",
Districts,IDN.12.479,"Nias Barat, Kab.",
Districts,IDN.12.387,"Nias Selatan, Kab.",
Districts,IDN.12.478,"Nias Utara, Kab.",
Districts,IDN.12.16,"Nias, Kab.",
Districts,IDN.64.324,"Nunukan, Kab.",
Provinces,IDN.52,"Nusa Tenggara Barat, Prop.",http://dbpedia.org/resource/West_Nusa_Tenggara
Provinces,IDN.53,"Nusa Tenggara Timur, Prop.",http://dbpedia.org/resource/East_Nusa_Tenggara
Districts,IDN.16.418,"Ogan Ilir, Kab.",
Districts,IDN.16.58,"Ogan Komering Ilir, Kab.",
Districts,IDN.16.420,"Ogan Komering Ulu Selatan, Kab.",
Districts,IDN.16.419,"Ogan Komering Ulu Timur, Kab.",
Districts,IDN.16.59,"Ogan Komering Ulu, Kab.",
Districts,IDN.35.150,"Pacitan, Kab.",
Districts,IDN.12.458,"Padang Lawas Utara, Kab.",
Districts,IDN.12.459,"Padang Lawas, Kab.",
Cities,IDN.13.38,"Padang Panjang, Kota",
Districts,IDN.13.30,"Padang Pariaman, Kab.",
Cities,IDN.12.339,"Padang Sidempuan, Kota",
Cities,IDN.13.37,"Padang, Kota",
Cities,IDN.16.342,"Pagar Alam, Kota",
Districts,IDN.12.386,"Pakpak Bharat, Kab.",
Cities,IDN.62.182,"Palangkaraya, Kota",
Cities,IDN.16.60,"Palembang, Kota",
Cities,IDN.73.368,"Palopo, Kota",
Cities,IDN.72.209,"Palu, Kota",
Districts,IDN.35.151,"Pamekasan, Kab.",
Districts,IDN.36.284,"Pandeglang, Kab.",
Districts,IDN.73.221,"Pangkajene Kepulauan, Kab.",
Cities,IDN.19.290,"Pangkal Pinang, Kota",
Districts,IDN.94.277,"Paniai, Kab.",
Provinces,IDN.91,"Papua Barat, Prop.",http://dbpedia.org/resource/West_Papua_(province)
Provinces,IDN.94,"Papua, Prop.",http://dbpedia.org/resource/Papua_(province)
Cities,IDN.73.231,"Pare-Pare, Kota",
Cities,IDN.13.354,"Pariaman, Kota",
Districts,IDN.72.366,"Parigi Moutong, Kab.",
Districts,IDN.13.414,"Pasaman Barat, Kab.",
Districts,IDN.13.31,"Pasaman, Kab.",
Districts,IDN.64.196,"Pasir, Kab.",
Districts,IDN.35.152,"Pasuruan, Kab.",
Cities,IDN.35.167,"Pasuruan, Kota",
Districts,IDN.33.109,"Pati, Kab.",
Cities,IDN.13.39,"Payakumbuh, Kota",
Districts,IDN.94.375,"Pegunungan Bintang, Kab.",
Districts,IDN.33.110,"Pekalongan, Kab.",
Cities,IDN.33.123,"Pekalongan, Kota",
Cities,IDN.14.47,"Pekan Baru, Kota",
Districts,IDN.14.300,"Pelalawan, Kab.",
Districts,IDN.33.111,"Pemalang, Kab.",
Cities,IDN.12.24,"Pematang Siantar, Kota",
Districts,IDN.64.364,"Penajam Paser Utara, Kab.",
Districts,IDN.18.454,"Pesawaran, Kab.",
Districts,IDN.13.32,"Pesisir Selatan, Kab.",
Districts,IDN.11.441,"Pidie Jaya, Kab.",
Districts,IDN.73.222,"Pinrang, Kab.",
Districts,IDN.75.410,"Pohuwato, Kab.",
Districts,IDN.76.223,"Polewali Mandar, Kab.",
Districts,IDN.35.153,"Ponorogo, Kab.",
Districts,IDN.61.172,"Pontianak, Kab.",
Cities,IDN.61.176,"Pontianak, Kota",
Districts,IDN.72.207,"Poso, Kab.",
Cities,IDN.16.341,"Prabumulih, Kota",
Districts,IDN.18.481,"Pringsewu, Kab.",
Districts,IDN.35.154,"Probolinggo, Kab.",
Cities,IDN.35.168,"Probolinggo, Kota",
Districts,IDN.62.360,"Pulang Pisau, Kab.",
Districts,IDN.94.336,"Puncak Jaya, Kab.",
Districts,IDN.94.464,"Puncak, Kab.",
Districts,IDN.33.112,"Purbalingga, Kab.",
Districts,IDN.32.83,"Purwakarta, Kab.",
Districts,IDN.33.113,"Purworejo, Kab.",
Districts,IDN.91.384,"Raja Ampat, Kab.",
Districts,IDN.17.63,"Rejang Lebong, Kab.",
Districts,IDN.33.114,"Rembang, Kab.",
Provinces,IDN.14,"Riau, Prop.",http://dbpedia.org/resource/Riau
Districts,IDN.14.303,"Rokan Hilir, Kab.",
Districts,IDN.14.302,"Rokan Hulu, Kab.",
Districts,IDN.53.370,"Rote Ndao, Kab.",
Cities,IDN.11.10,"Sabang, Kota",
Districts,IDN.53.485,"Sabu Raijua, Kab.",
Cities,IDN.33.124,"Salatiga, Kota",
Cities,IDN.64.198,"Samarinda, Kota",
Districts,IDN.61.173,"Sambas, Kab.",
Districts,IDN.12.413,"Samosir, Kab.",
Districts,IDN.35.155,"Sampang, Kab.",
Districts,IDN.61.174,"Sanggau, Kab.",
Districts,IDN.94.373,"Sarmi, Kab.",
Districts,IDN.15.308,"Sarolangun, Kab.",
Districts,IDN.13.33,"Sawahlunto Sijunjung, Kab.",
Cities,IDN.13.40,"Sawahlunto, Kota",
Districts,IDN.61.423,"Sekadau, Kab.",
Districts,IDN.73.224,"Selayar, Kab.",
Districts,IDN.17.389,"Seluma, Kab.",
Districts,IDN.33.115,"Semarang, Kab.",
Cities,IDN.33.125,"Semarang, Kota",
Districts,IDN.81.434,"Seram Bagian Barat, Kab.",
Districts,IDN.81.433,"Seram Bagian Timur, Kab.",
Districts,IDN.36.285,"Serang, Kab.",
Cities,IDN.36.453,"Serang, Kota",
Districts,IDN.12.412,"Serdang Bedagai, Kab.",
Districts,IDN.62.358,"Seruyan, Kab.",
Districts,IDN.14.301,"Siak, Kab.",
Cities,IDN.12.25,"Sibolga, Kota",
Districts,IDN.73.225,"Sidenreng Rappang, Kab.",
Districts,IDN.35.156,"Sidoarjo, Kab.",
Districts,IDN.72.471,"Sigi, Kab.",
Districts,IDN.53.261,"Sikka, Kab.",
Districts,IDN.12.17,"Simalungun, Kab.",
Districts,IDN.11.293,"Simeulue, Kab.",
Cities,IDN.61.347,"Singkawang, Kota",
Districts,IDN.73.226,"Sinjai, Kab.",
Districts,IDN.61.175,"Sintang, Kab.",
Districts,IDN.35.157,"Situbondo, Kab.",
Districts,IDN.34.131,"Sleman, Kab.",
Districts,IDN.13.416,"Solok Selatan, Kab.",
Districts,IDN.13.34,"Solok, Kab.",
Cities,IDN.13.41,"Solok, Kota",
Districts,IDN.73.227,"Soppeng, Kab.",
Districts,IDN.91.383,"Sorong Selatan, Kab.",
Districts,IDN.91.280,"Sorong, Kab.",
Cities,IDN.91.334,"Sorong, Kota",
Districts,IDN.33.116,"Sragen, Kab.",
Districts,IDN.32.84,"Subang, Kab.",
Cities,IDN.11.442,"Subulussalam, Kota",
Districts,IDN.32.85,"Sukabumi, Kab.",
Cities,IDN.32.92,"Sukabumi, Kota",
Districts,IDN.62.356,"Sukamara, Kab.",
Districts,IDN.33.117,"Sukoharjo, Kab.",
Provinces,IDN.76,"Sulawesi Barat, Prop.",http://dbpedia.org/resource/West_Sulawesi
Provinces,IDN.73,"Sulawesi Selatan, Prop.",http://dbpedia.org/resource/South_Sulawesi
Provinces,IDN.72,"Sulawesi Tengah, Prop.",http://dbpedia.org/resource/Central_Sulawesi
Provinces,IDN.74,"Sulawesi Tenggara, Prop.",http://dbpedia.org/resource/Southeast_Sulawesi
Provinces,IDN.71,"Sulawesi Utara, Prop.",http://dbpedia.org/resource/North_Sulawesi
Provinces,IDN.13,"Sumatera Barat, Prop.",http://dbpedia.org/resource/West_Sumatra
Provinces,IDN.16,"Sumatera Selatan, Prop.",http://dbpedia.org/resource/South_Sumatra
Provinces,IDN.12,"Sumatera Utara, Prop.",http://dbpedia.org/resource/North_Sumatra
Districts,IDN.53.450,"Sumba Barat Daya, Kab.",
Districts,IDN.53.262,"Sumba Barat, Kab.",
Districts,IDN.53.437,"Sumba Tengah, Kab.",
Cities,IDN.53.263,"Sumba Timur, Kota",
Districts,IDN.52.430,"Sumbawa Barat, Kab.",
Districts,IDN.52.252,"Sumbawa, Kab.",
Districts,IDN.32.86,"Sumedang, Kab.",
Districts,IDN.35.158,"Sumenep, Kab.",
Cities,IDN.15.469,"Sungai Penuh, Kota",
Districts,IDN.94.432,"Supiori, Kab.",
Cities,IDN.35.169,"Surabaya, Kota",
Cities,IDN.33.126,"Surakarta, Kota",
Districts,IDN.63.189,"Tabalong, Kab.",
Districts,IDN.51.245,"Tabanan, Kab.",
Districts,IDN.73.228,"Takalar, Kab.",
Districts,IDN.91.489,"Tambrauw, Kab.",
Districts,IDN.64.455,"Tana Tidung, Kab.",
Districts,IDN.73.229,"Tana Toraja, Kab.",
Districts,IDN.63.393,"Tanah Bumbu, Kab.",
Districts,IDN.13.35,"Tanah Datar, Kab.",
Districts,IDN.12.18,"Tanah Karo, Kab.",
Districts,IDN.63.190,"Tanah Laut, Kab.",
Cities,IDN.36.484,"Tangerang Selatan, Kota",
Districts,IDN.36.286,"Tangerang, Kab.",
Cities,IDN.36.287,"Tangerang, Kota",
Districts,IDN.18.70,"Tanggamus, Kab.",
Cities,IDN.12.26,"Tanjung Balai, Kota",
Districts,IDN.15.52,"Tanjung Jabung Barat, Kab.",
Districts,IDN.15.310,"Tanjung Jabung Timur, Kab.",
Cities,IDN.21.340,"Tanjung Pinang, Kota",
Districts,IDN.12.19,"Tapanuli Selatan, Kab.",
Districts,IDN.12.20,"Tapanuli Tengah, Kab.",
Districts,IDN.12.21,"Tapanuli Utara, Kab.",
Districts,IDN.63.191,"Tapin, Kab.",
Cities,IDN.64.199,"Tarakan, Kota",
Districts,IDN.32.87,"Tasikmalaya, Kab.",
Cities,IDN.32.344,"Tasikmalaya, Kota",
Cities,IDN.12.27,"Tebing Tinggi, Kota",
Districts,IDN.15.311,"Tebo, Kab.",
Districts,IDN.33.118,"Tegal, Kab.",
Cities,IDN.33.127,"Tegal, Kota",
Districts,IDN.91.379,"Teluk Bintuni, Kab.",
Districts,IDN.91.378,"Teluk Wondama, Kab.",
Districts,IDN.33.119,"Temanggung, Kab.",
Cities,IDN.82.333,"Ternate, Kota",
Cities,IDN.82.401,"Tidore Kepulauan, Kota",
Districts,IDN.53.264,"Timor Tengah Selatan, Kab.",
Districts,IDN.53.265,"Timor Tengah Utara, Kab.",
Districts,IDN.12.297,"Toba Samosir, Kab.",
Districts,IDN.72.426,"Tojo Una-Una, Kab.",
Districts,IDN.72.208,"Toli-Toli, Kab.",
Districts,IDN.94.377,"Tolikara, Kab.",
Cities,IDN.71.394,"Tomohon, Kota",
Districts,IDN.73.472,"Toraja Utara, Kab.",
Districts,IDN.35.159,"Trenggalek, Kab.",
Cities,IDN.81.452,"Tual, Kota",
Districts,IDN.35.160,"Tuban, Kab.",
Districts,IDN.18.483,"Tulang Bawang Barat, Kab.",
Districts,IDN.18.69,"Tulang Bawang, Kab.",
Districts,IDN.35.161,"Tulungagung, Kab.",
Districts,IDN.73.230,"Wajo, Kab.",
Districts,IDN.74.428,"Wakatobi, Kab.",
Districts,IDN.94.385,"Waropen, Kab.",
Districts,IDN.18.313,"Way Kanan, Kab.",
Districts,IDN.33.120,"Wonogiri, Kab.",
Districts,IDN.33.121,"Wonosobo, Kab.",
Districts,IDN.94.376,"Yahukimo, Kab.",
Districts,IDN.94.461,"Yalimo, Kab.",
Districts,IDN.94.278,"Yapen Waropen, Kab.",
Cities,IDN.34.132,"Yogyakarta, Kota",
